word,phonetic,partOfSpeech,definition,example
abandon,/əˈbændən/,vt.,放弃，抛弃,He abandoned his car in the snow.
abnormal,/æbˈnɔːml/,adj.,反常的，变态的,The weather is abnormal this year.
aboard,/əˈbɔːd/,adv./prep.,在船(车)上,Welcome aboard the flight.
abolish,/əˈbɒlɪʃ/,vt.,废除，取消,They decided to abolish the death penalty.
abortion,/əˈbɔːʃn/,n.,流产，堕胎,The abortion rate has increased.
abroad,/əˈbrɔːd/,adv.,在国外，到国外,She is studying abroad.
abrupt,/əˈbrʌpt/,adj.,突然的，唐突的,The meeting came to an abrupt end.
absence,/ˈæbsəns/,n.,缺席，不在,His absence was noticed by everyone.
absent,/ˈæbsənt/,adj.,缺席的，不在的,He was absent from school yesterday.
absolute,/ˈæbsəluːt/,adj.,绝对的，完全的,I have absolute confidence in you.
absorb,/əbˈzɔːb/,vt.,吸收，同化,Plants absorb water through their roots.
abstract,/ˈæbstrækt/,adj./n.,抽象的；摘要,This is an abstract concept.
absurd,/əbˈsɜːd/,adj.,荒谬的，可笑的,That idea is completely absurd.
abundance,/əˈbʌndəns/,n.,丰富，充裕,There is an abundance of food.
abuse,/əˈbjuːz/,vt./n.,滥用，虐待,He was accused of child abuse.
academic,/ˌækəˈdemɪk/,adj./n.,学术的；大学生,She has excellent academic records.
accelerate,/əkˈseləreɪt/,vt.,加速，促进,The car began to accelerate.
access,/ˈækses/,n./vt.,接近；通道,Students have access to the library.
accidental,/ˌæksɪˈdentl/,adj.,偶然的，意外的,The meeting was accidental.
accommodate,/əˈkɒmədeɪt/,vt.,容纳，供应,The hotel can accommodate 200 guests.
accomplish,/əˈkʌmplɪʃ/,vt.,完成，实现,She accomplished her goal.
accordance,/əˈkɔːdəns/,n.,一致，和谐,In accordance with the rules.
accumulate,/əˈkjuːmjəleɪt/,vt.,积累，积聚,He accumulated great wealth.
accurate,/ˈækjərət/,adj.,准确的，精确的,Please give me an accurate report.
accuse,/əˈkjuːz/,vt.,指责，归咎,He accused me of lying.
accustomed,/əˈkʌstəmd/,adj.,习惯的，通常的,I am accustomed to hard work.
achievement,/əˈtʃiːvmənt/,n.,完成，成就,His achievement is remarkable.
acknowledge,/əkˈnɒlɪdʒ/,vt.,承认，答谢,He acknowledged his mistake.
acquaintance,/əˈkweɪntəns/,n.,认识，了解,He is an old acquaintance.
acquire,/əˈkwaɪə/,vt.,获得，学到,She acquired a good education.
adapt,/əˈdæpt/,vt.,使适应，改编,Animals adapt to their environment.
addition,/əˈdɪʃn/,n.,加，增加,In addition to English, he speaks French.
adequate,/ˈædɪkwət/,adj.,足够的，适当的,The salary is adequate for my needs.
adjust,/əˈdʒʌst/,vt./vi.,调整，调节,You need to adjust the mirror.
administration,/ədˌmɪnɪˈstreɪʃn/,n.,管理，行政,The administration is efficient.
admiration,/ˌædməˈreɪʃn/,n.,钦佩，赞美,I have admiration for his courage.
admission,/ədˈmɪʃn/,n.,允许进入，承认,Admission to the museum is free.
adopt,/əˈdɒpt/,vt.,收养，采用,They decided to adopt a child.
advance,/ədˈvɑːns/,vi./n.,前进，进步,Technology continues to advance.
advantage,/ədˈvɑːntɪdʒ/,n.,优点，优势,The advantage of this method is clear.
adventure,/ədˈventʃə/,n.,冒险，奇遇,Life is an adventure.
advisable,/ədˈvaɪzəbl/,adj.,明智的，可取的,It is advisable to save money.
advocate,/ˈædvəkət/,vt./n.,提倡，拥护,He advocates education reform.
aesthetic,/iːsˈθetɪk/,adj./n.,审美的；美学,The building has aesthetic appeal.
affection,/əˈfekʃn/,n.,慈爱，爱慕,He showed great affection for his children.
affiliate,/əˈfɪlieɪt/,vt./vi.,使隶俗，接纳,The hospital is affiliated with the university.
affirm,/əˈfɜːm/,vt.,断言，批准,He affirmed his innocence.
afflict,/əˈflɪkt/,vt.,使苦恼，折磨,The disease afflicted many people.
agency,/ˈeɪdʒənsi/,n.,代理处，机构,The news agency reported the event.
agenda,/əˈdʒendə/,n.,议事日程,The agenda for the meeting is ready.
agent,/ˈeɪdʒənt/,n.,代理人，特工,He works as a secret agent.
aggravate,/ˈæɡrəveɪt/,vt.,加重，恶化,His words aggravated the situation.
aggressive,/əˈɡresɪv/,adj.,侵略的，好斗的,The dog became aggressive.
agitation,/ˌædʒɪˈteɪʃn/,n.,激动，煽动,There was public agitation about the issue.
agony,/ˈæɡəni/,n.,极度痛苦,He was in agony after the accident.
agreeable,/əˈɡriːəbl/,adj.,令人愉快的,The weather is agreeable today.
agreement,/əˈɡriːmənt/,n.,协定，同意,They reached an agreement.
agriculture,/ˈæɡrɪkʌltʃə/,n.,农业，农艺,Agriculture is important for the economy.
aid,/eɪd/,n./vt.,援助，帮助,They provided aid to the victims.
alarm,/əˈlɑːm/,n./vt.,警报，惊恐,The fire alarm went off.
alcohol,/ˈælkəhɒl/,n.,酒精，乙醇,The doctor advised him to avoid alcohol.
alert,/əˈlɜːt/,adj./n.,警惕的；警报,The guard remained alert.
alien,/ˈeɪliən/,adj./n.,外国的；外星人,He is an alien in this country.
alike,/əˈlaɪk/,adj./adv.,同样的，同样地,The twins look alike.
alive,/əˈlaɪv/,adj.,活着的，存在的,The fish is still alive.
allergic,/əˈlɜːdʒɪk/,adj.,过敏的,She is allergic to peanuts.
alleviate,/əˈliːvieɪt/,vt.,减轻，缓和,The medicine alleviated the pain.
alliance,/əˈlaɪəns/,n.,同盟，联盟,The two countries formed an alliance.
allocate,/ˈæləkeɪt/,vt.,分配，拨给,The government allocated funds for education.
allowance,/əˈlaʊəns/,n.,津贴，允许,He receives a monthly allowance.
alloy,/ˈælɔɪ/,n./vt.,合金；铸成合金,Steel is an alloy of iron and carbon.
ally,/ˈælaɪ/,n./vt.,同盟国；结盟,Britain was an ally of the US.
alter,/ˈɔːltə/,vt./vi.,改变，变更,The plan needs to be altered.
alternate,/ɔːlˈtɜːnət/,adj./v.,交替的；轮流,They work on alternate days.
alternative,/ɔːlˈtɜːnətɪv/,adj./n.,供选择的；抉择,We have no alternative but to leave.
altitude,/ˈæltɪtjuːd/,n.,高度，海拔,The plane flew at high altitude.
aluminium,/ˌæljəˈmɪniəm/,n.,铝,Aluminium is a lightweight metal.
amateur,/ˈæmətə/,adj./n.,业余的；业余爱好者,He is an amateur photographer.
ambassador,/æmˈbæsədə/,n.,大使,The ambassador presented his credentials.
ambiguous,/æmˈbɪɡjuəs/,adj.,模棱两可的,His answer was ambiguous.
ambition,/æmˈbɪʃn/,n.,雄心，野心,Her ambition is to become a doctor.
ambulance,/ˈæmbjələns/,n.,救护车,The ambulance arrived quickly.
amend,/əˈmend/,vt./vi.,修改，修正,They amended the constitution.
amiable,/ˈeɪmiəbl/,adj.,和蔼可亲的,She has an amiable personality.
amid,/əˈmɪd/,prep.,在...之中,He stood amid the crowd.
ample,/ˈæmpl/,adj.,足够的，宽敞的,There is ample evidence.
amplify,/ˈæmplɪfaɪ/,vt./vi.,放大，增强,The amplifier amplified the sound.
amuse,/əˈmjuːz/,vt.,逗...乐，给...娱乐,The story amused the children.
analogy,/əˈnælədʒi/,n.,相似，类比,The teacher used an analogy.
analyze,/ˈænəlaɪz/,vt./vi.,分析，分解,The scientist analyzed the data.
ancestor,/ˈænsestə/,n.,祖宗，祖先,Our ancestors lived in caves.
anchor,/ˈæŋkə/,n./vt.,锚；抛锚,The ship dropped anchor.
ancient,/ˈeɪnʃənt/,adj.,古代的，古老的,This is an ancient city.
anecdote,/ˈænɪkdəʊt/,n.,轶事，趣闻,He told an amusing anecdote.
angle,/ˈæŋɡl/,n./vt.,角；角度；钓鱼,The angle of the photo is good.
anguish,/ˈæŋɡwɪʃ/,n./vt.,极度痛苦,She was in anguish over her loss.
anniversary/,ˌænɪˈvɜːsəri/,n.,周年纪念日,Today is our wedding anniversary.
announce,/əˈnaʊns/,vt./vi.,宣布，通告,They announced their engagement.
annoy,/əˈnɔɪ/,vt./vi.,使恼火，打搅,His behavior annoyed me.
annual,/ˈænjuəl/,adj./n.,每年的；年报,The annual meeting is in December.
anonymous,/əˈnɒnɪməs/,adj.,匿名的,The donor wished to remain anonymous.
anticipate,/ænˈtɪsɪpeɪt/,vt./vi.,预料，预期,We anticipate a good harvest.
anxiety,/æŋˈzaɪəti/,n.,焦虑，忧虑,She suffers from anxiety.
anxious,/ˈæŋkʃəs/,adj.,忧虑的，渴望的,He is anxious about the exam.
apart,/əˈpɑːt/,adv./adj.,相隔；分开,The two houses are far apart.
apologize,/əˈpɒlədʒaɪz/,vi.,道歉，谢罪,You should apologize to her.
appal,/əˈpɔːl/,vt./vi.,使惊骇,The news appalled everyone.
apparatus/,ˌæpəˈreɪtəs/,n.,器械，仪器，装置,The laboratory apparatus is expensive.
appeal,/əˈpiːl/,vi./n./vt.,呼吁；申述,The court rejected his appeal.
appetite,/ˈæpɪtaɪt/,n.,食欲，胃口,He has a good appetite.
applaud,/əˈplɔːd/,vt./vi.,喝彩，鼓掌,The audience applauded loudly.
applause,/əˈplɔːz/,n.,鼓掌，喝彩,He received a round of applause.
appliance,/əˈplaɪəns/,n.,用具，器具,The kitchen appliances are modern.
applicable,/ˈæplɪkəbl/,adj.,能应用的，适用的,This rule is applicable to everyone.
application/,ˌæplɪˈkeɪʃn/,n.,申请，应用,The application was approved.
appoint,/əˈpɔɪnt/,vt./vi.,任命，指定,They appointed him chairman.
appointment,/əˈpɔɪntmənt/,n.,约会，任命,I have an appointment at 3 PM.
appreciate,/əˈpriːʃieɪt/,vt./vi.,感激，欣赏,I appreciate your help.
approach,/əˈprəʊtʃ/,vt./vi./n.,接近，方法,We need a new approach.
appropriate,/əˈprəʊpriət/,adj./vt.,适当的，拨出,His behavior was appropriate.
approval,/əˈpruːvl/,n.,赞成，批准,The project needs approval.
approve,/əˈpruːv/,vt./vi.,赞成，批准,The committee approved the plan.
approximate,/əˈprɒksɪmət/,adj./v./vt.,近似的，接近,The approximate cost is $100.
arbitrary,/ˈɑːbɪtrəri/,adj.,随意的，专断的,The decision was arbitrary.
architect,/ˈɑːkɪtekt/,n.,建筑师,The architect designed the building.
architecture,/ˈɑːkɪtektʃə/,n.,建筑学，建筑,The architecture is impressive.
area,/ˈeəriə/,n.,面积，区域，领域,The area of the room is 20 square meters.
argue,/ˈɑːɡjuː/,vi./vt.,争论，辩论,They argued about politics.
argument,/ˈɑːɡjumənt/,n.,争论，论据,His argument was convincing.
arise,/əˈraɪz/,vi./vt.,出现，由...引起,A new problem has arisen.
arithmetic,/əˈrɪθmətɪk/,n./adj.,算术，算术的,He is good at arithmetic.
arouse,/əˈraʊz/,vt./vi.,引起，唤起,The speech aroused enthusiasm.
arrange,/əˈreɪndʒ/,vt./vi.,整理，安排,Please arrange the books.
array,/əˈreɪ/,n./vt.,排列，数组,An array of options is available.
arrest,/əˈrest/,vt./n.,逮捕，阻止,The police arrested the thief.
arrival,/əˈraɪvl/,n.,到来，到达,His arrival was unexpected.
arrive,/əˈraɪv/,vi./vt.,到达，来临,The train arrived on time.
arrogant,/ˈærəɡənt/,adj.,骄傲自大的,He is arrogant and rude.
arrow,/ˈærəʊ/,n.,箭，箭头,The arrow hit the target.
art,/ɑːt/,n.,艺术，美术,Art is my favorite subject.
artery,/ˈɑːtəri/,n.,动脉，要道,The heart pumps blood through arteries.
article,/ˈɑːtɪkl/,n.,文章，物品,He wrote an article for the newspaper.
artificial/,ˌɑːtɪˈfɪʃl/,adj.,人工的，人为的,The flowers are artificial.
artist,/ˈɑːtɪst/,n.,艺术家，画家,She is a talented artist.
artistic,/ɑːˈtɪstɪk/,adj.,艺术的，艺术家的,The painting has artistic value.
ascertain/,ˌæsəˈteɪn/,vt./vi.,查明，确定,Please ascertain the facts.
ash,/æʃ/,n.,灰，灰末,Cigarette ash fell on the carpet.
ashamed,/əˈʃeɪmd/,adj.,惭愧的，羞耻的,He felt ashamed of his behavior.
ashore,/əˈʃɔː/,adv./adj.,在岸上，上岸,The sailors went ashore.
aside,/əˈsaɪd/,adv.,在旁边，除...以外,He stepped aside.
ask,/ɑːsk/,vt./vi.,问，要求,May I ask a question?
asleep,/əˈsliːp/,adj./adv.,睡着的，熟睡,The baby is asleep.
aspect,/ˈæspekt/,n.,样子，方面,We must consider every aspect.
assault,/əˈsɔːlt/,vt./n.,袭击，攻击,He was assaulted by robbers.
assemble,/əˈsembl/,vt./vi.,集合，装配,The students assembled in the hall.
assembly,/əˈsembli/,n.,集合，装配，会议,The assembly voted on the issue.
assert,/əˈsɜːt/,vt./vi.,断言，宣称,He asserted his innocence.
assess,/əˈses/,vt./vi.,对...进行估价,They assessed the damage.
asset,/ˈæset/,n.,资产，财产,The company has many assets.
assign,/əˈsaɪn/,vt./vi.,分配，指派,The teacher assigned homework.
assignment,/əˈsaɪnmənt/,n.,任务，分配,The assignment is due tomorrow.
assist,/əˈsɪst/,vt./vi./n.,援助，帮助,He assisted me with the work.
assistant,/əˈsɪstənt/,n./adj.,助手，助理的,She is my assistant.
associate,/əˈsəʊʃieɪt/,vt./vi./adj.,联系，联合的,Don't associate with him.
association/,əˌsəʊsiˈeɪʃn/,n.,协会，社团，联合,He joined the football association.
assume,/əˈsjuːm/,vt./vi.,假定，承担,I assume you are right.
assumption,/əˈsʌmpʃn/,n.,假定，设想,His assumption proved wrong.
assure,/əˈʃʊə/,vt./vi.,使确信，向...保证,I assure you it's true.
astonish,/əˈstɒnɪʃ/,vt./vi.,使惊讶，使吃惊,The news astonished everyone.
athlete,/ˈæθliːt/,n.,运动员,He is a professional athlete.
atlas,/ˈætləs/,n.,地图集,Look at the atlas.
atmosphere/,ˈætməsfɪə/,n.,大气，气氛,The atmosphere is relaxed.
atom,/ˈætəm/,n.,原子,An atom is the smallest unit of matter.
attach,/əˈtætʃ/,vt./vi.,缚，系，贴,Please attach the label.
attack,/əˈtæk/,vt./vi./n.,攻击，进攻,The dog attacked the stranger.
attain,/əˈteɪn/,vt./vi.,达到，获得,He attained his goal.
attempt,/əˈtempt/,vt./n./vi.,尝试，试图,He attempted to climb the mountain.
attend,/əˈtend/,vt./vi.,出席，照顾,Please attend the meeting.
attendance,/əˈtendəns/,n.,出席，出席人数,Attendance was high.
attendant,/əˈtendənt/,n./adj.,服务员，出席的,The flight attendant served drinks.
attention,/əˈtenʃn/,n.,注意，关注,Pay attention to the teacher.
attitude,/ˈætɪtjuːd/,n.,态度，看法,His attitude is positive.
attorney,/əˈtɜːni/,n.,代理人，律师,The attorney defended the client.
attract,/əˈtrækt/,vt./vi.,吸引，引起,The flower attracts bees.
attraction,/əˈtrækʃn/,n.,吸引，吸引力,The city has many tourist attractions.
attractive,/əˈtræktɪv/,adj.,有吸引力的,She is an attractive woman.
attribute,/əˈtrɪbjuːt/,vt./n.,归因于，属性,He attributes his success to hard work.
auction,/ˈɔːkʃn/,n./vt.,拍卖,They auctioned the antique.
audience,/ˈɔːdiəns/,n.,听众，观众,The audience applauded.
audio,/ˈɔːdiəʊ/,adj./n.,音频的，声音,The audio quality is excellent.
audit,/ˈɔːdɪt/,vt./n./vi.,审计，查账,The company was audited.
augment,/ɔːɡˈment/,vt./vi./n.,增大，增加,He augmented his income.
author,/ˈɔːθə/,n.,作者,The author wrote many books.
authority,/ɔːˈθɒrəti/,n.,权威，当局,The government has authority.
authorize,/ˈɔːθəraɪz/,vt./vi.,授权，批准,He authorized the payment.
auto/,ˈɔːtəʊ/,n./adj.,汽车，自动的,The auto industry is growing.
automatic/,ˌɔːtəˈmætɪk/,adj./n.,自动的，自动武器,The door is automatic.
automation/,ˌɔːtəˈmeɪʃn/,n.,自动化，自动操作,Automation has replaced many workers.
automobile/,ˈɔːtəməbiːl/,n.,汽车，机动车,He bought a new automobile.
autonomy,/ɔːˈtɒnəmi/,n.,自治，自治权,The region has autonomy.
auxiliary,/ɔːɡˈzɪliəri/,adj./n.,辅助的，辅助者,The hospital has auxiliary staff.
available,/əˈveɪləbl/,adj.,可利用的，可见到的,The room is available.
avenue,/ˈævənjuː/,n.,大街，途径,Fifth Avenue is famous.
average,/ˈævərɪdʒ/,adj./n./v.,平均的，平均数,The average temperature is 20°C.
avert,/əˈvɜːt/,vt./vi.,防止，避免,He averted an accident.
aviation/,ˌeɪviˈeɪʃn/,n.,航空，航空学,He works in aviation.
avoid,/əˈvɔɪd/,vt./vi.,避免，消除,You should avoid smoking.
await,/əˈweɪt/,vt./vi.,等候，期待,I await your reply.
awake,/əˈweɪk/,adj./vt./vi.,醒着的，唤醒,He was awake all night.
award,/əˈwɔːd/,n./vt.,奖，奖品，授予,He won an award.
aware,/əˈweə/,adj.,意识到的，知道的,I am aware of the problem.
away,/əˈweɪ/,adv./adj.,离开，远离,He is away on business.
awesome,/ˈɔːsəm/,adj.,令人敬畏的，极好的,The view is awesome.
awful,/ˈɔːfl/,adj./adv.,可怕的，非常的,The weather is awful.
awkward,/ˈɔːkwəd/,adj.,尴尬的，笨拙的,He felt awkward at the party.
axe,/æks/,n./vt.,斧子，削减,He used an axe to cut wood.
axis,/ˈæksɪs/,n.,轴，轴线,The earth rotates on its axis.
bachelor,/ˈbætʃələ/,n.,单身汉，学士,He is a bachelor of arts.
background,/ˈbækɡraʊnd/,n.,背景，后台,She has a background in music.
backward,/ˈbækwəd/,adv./adj.,向后，落后的,He looked backward.
bacon,/ˈbeɪkən/,n.,咸肉，熏肉,I like bacon and eggs.
bacterium,/bækˈtɪəriəm/,n.,细菌,Bacteria can cause disease.
badge,/bædʒ/,n.,徽章，标志,He wore a police badge.
badly,/ˈbædli/,adv.,坏，严重地,He was badly injured.
badminton,/ˈbædmɪntən/,n.,羽毛球,They played badminton.
baggage,/ˈbæɡɪdʒ/,n.,行李,Please check your baggage.
bake,/beɪk/,vt./vi./n.,烤，烘,She baked a cake.
bakery,/ˈbeɪkəri/,n.,面包房,The bakery sells fresh bread.
balance,/ˈbæləns/,vt./n.,平衡，余额,Please balance the checkbook.
balcony,/ˈbælkəni/,n.,阳台,The balcony has a nice view.
bald,/bɔːld/,adj.,秃头的,He is going bald.
ball,/bɔːl/,n.,球，舞会,They played ball.
ballet,/ˈbæleɪ/,n.,芭蕾舞,She studies ballet.
balloon,/bəˈluːn/,n.,气球,The balloon floated away.
ballot,/ˈbælət/,n./vi.,选票，投票,They cast a ballot.
bamboo,/bæmˈbuː/,n.,竹子,Pandas eat bamboo.
ban,/bæn/,vt./n.,禁止，禁令,Smoking is banned here.
banana,/bəˈnɑːnə/,n.,香蕉,Monkeys like bananas.
band,/bænd/,n./vt.,带，乐队，结合,The band played music.
bandage,/ˈbændɪdʒ/,n./vt.,绷带，包扎,She bandaged his wound.
bang,/bæŋ/,n./vi./vt.,巨响，猛击,The door banged shut.
bank,/bæŋk/,n./vi.,银行，岸，存钱,I went to the bank.
bankrupt,/ˈbæŋkrʌpt/,adj./n./vt.,破产的，破产者,The company went bankrupt.
banner,/ˈbænə/,n.,旗帜，横幅,They hung a banner.
banquet,/ˈbæŋkwɪt/,n./vt.,宴会，宴请,They attended a banquet.
bar,/bɑː/,n./vt.,条，棒，酒吧，阻挡,He sat at the bar.
barber,/ˈbɑːbə/,n.,理发师,The barber cut his hair.
bare,/beə/,adj./vt.,赤裸的，露出,He walked barefoot.
bargain,/ˈbɑːɡɪn/,n./vi.,便宜货，讨价还价,It's a real bargain.
bark,/bɑːk/,vi./n.,吠叫，树皮,The dog barked.
barn,/bɑːn/,n.,谷仓，牲口棚,The farmer has a barn.
barrel,/ˈbærəl/,n.,桶,The barrel contains oil.
barren,/ˈbærən/,adj.,贫瘠的，不育的,The land is barren.
barrier,/ˈbæriə/,n.,障碍，屏障,Language is a barrier.
base,/beɪs/,n./vt./adj.,基础，基地，卑鄙的,The base of the statue is stone.
baseball,/ˈbeɪsbɔːl/,n.,棒球,They played baseball.
basement,/ˈbeɪsmənt/,n.,地下室,The basement is damp.
basic,/ˈbeɪsɪk/,adj./n.,基本的，基础,These are basic skills.
basin,/ˈbeɪsn/,n.,盆，流域,The basin is filled with water.
basis,/ˈbeɪsɪs/,n.,基础，根据,On the basis of facts.
basket,/ˈbɑːskɪt/,n.,篮子，一篮,She bought a basket of fruit.
basketball/,ˈbɑːskɪtbɔːl/,n.,篮球,They played basketball.
bat,/bæt/,n./vt./vi.,蝙蝠，球拍，拍打,He used a bat.
batch,/bætʃ/,n./adj.,一批，分批的,We baked a batch of cookies.
bath,/bɑːθ/,n./vt./vi.,浴，洗澡,He took a bath.
bathe,/beɪð/,vt./vi.,给...洗澡，游泳,She bathed the baby.
bathroom,/ˈbɑːθruːm/,n.,浴室，卫生间,The bathroom is clean.
battery,/ˈbætri/,n.,电池,The battery is dead.
battle,/ˈbætl/,n./vi.,战斗，斗争,They won the battle.
bay,/beɪ/,n.,湾，海湾,The ship entered the bay.
beach,/biːtʃ/,n.,海滩,They went to the beach.
beam,/biːm/,n./vi.,梁，光束，微笑,The sun beam is bright.
bean,/biːn/,n.,豆，豆科植物,She likes green beans.
bear,/beə/,n./vt.,熊，忍受，承担,The bear is dangerous.
beard,/bɪəd/,n.,胡须,He has a beard.
beast,/biːst/,n.,兽，牲畜,The beast was fierce.
beat,/biːt/,vt./vi./n.,打，敲，打败,He beat the drum.
beautiful,/ˈbjuːtɪfl/,adj.,美丽的，漂亮的,She is beautiful.
beauty,/ˈbjuːti/,n.,美，美人,Beauty is in the eye of the beholder.
because,/bɪˈkɒz/,conj.,因为,I stayed home because I was sick.
become,/bɪˈkʌm/,vi./vt.,变成，成为,He became a doctor.
bed,/bed/,n.,床,He went to bed.
bee,/biː/,n.,蜜蜂,The bee makes honey.
beef,/biːf/,n.,牛肉,We had beef for dinner.
beer,/bɪə/,n.,啤酒,He drank a beer.
beetle,/ˈbiːtl/,n.,甲虫,The beetle crawled on the leaf.
before,/bɪˈfɔː/,prep./adv./conj.,在...之前,He arrived before me.
beg,/beɡ/,vt./vi.,乞求，请求,He begged for money.
begin,/bɪˈɡɪn/,vt./vi.,开始,Let's begin the meeting.
beginning,/bɪˈɡɪnɪŋ/,n.,开始，开端,The beginning of the story was interesting.
behalf,/bɪˈhɑːf/,n.,利益，方面,On behalf of the company.
behave,/bɪˈheɪv/,vi./vt.,举止，表现,He behaved well.
behavior,/bɪˈheɪvjə/,n.,行为，举止,His behavior was unacceptable.
behind,/bɪˈhaɪnd/,prep./adv.,在...后面,He stood behind the tree.
being,/ˈbiːɪŋ/,n./v.,存在，生物，存在,Human beings are complex.
belief,/bɪˈliːf/,n.,相信，信念,His belief is strong.
believe,/bɪˈliːv/,vt./vi.,相信，认为,I believe you.
bell,/bel/,n.,铃，钟,The bell rang.
belly,/ˈbeli/,n.,肚子，腹部,He has a big belly.
belong,/bɪˈlɒŋ/,vi.,属于，应归入,This book belongs to me.
beloved,/bɪˈlʌvd/,adj./n.,被热爱的，爱人,She is his beloved wife.
below,/bɪˈləʊ/,prep./adv.,在...下面,The temperature is below zero.
belt,/belt/,n./vt.,带，腰带，系带,He wore a leather belt.
bench,/bentʃ/,n.,长凳，工作台,He sat on the bench.
bend,/bend/,vt./vi./n.,弯曲，弯腰,Don't bend the rules.
beneath,/bɪˈniːθ/,prep./adv.,在...下方,The ground beneath his feet.
beneficial/,ˌbenɪˈfɪʃl/,adj.,有利的，有益的,Exercise is beneficial to health.
benefit,/ˈbenɪfɪt/,n./vt./vi.,利益，受益,The benefit is obvious.
bent,/bent/,adj./n.,弯曲的，倾向,He has a bent for music.
berry,/ˈberi/,n.,浆果,She picked berries.
beside,/bɪˈsaɪd/,prep.,在...旁边,He sat beside her.
besides,/bɪˈsaɪdz/,prep./adv.,除...之外,Besides English, he speaks French.
best,/best/,adj./adv./n.,最好的，最好地,This is the best restaurant.
bet,/bet/,vt./vi./n.,打赌，赌注,I bet you can't do it.
betray,/bɪˈtreɪ/,vt./vi.,背叛，泄露,He betrayed his country.
better,/ˈbetə/,adj./adv./v./n.,较好的，更好地,The situation is better.
between,/bɪˈtwiːn/,prep./adv.,在...之间,Choose between the two options.
beyond,/bɪˈjɒnd/,prep./adv.,在...那边，超出,The house is beyond the hill.
bias,/ˈbaɪəs/,n./vt.,偏见，偏心,He has a bias against foreigners.
bible,/ˈbaɪbl/,n.,圣经,The Bible is a holy book.
bibliography/,ˌbɪbliˈɒɡrəfi/,n.,书目，参考书目,Include a bibliography.
bicycle,/ˈbaɪsɪkl/,n.,自行车,He rides a bicycle to work.
bid,/bɪd/,vt./n./vi.,出价，投标,He bid $100 for the item.
big,/bɪɡ/,adj.,大的,It's a big house.
bike,/baɪk/,n.,自行车,He bought a new bike.
bill,/bɪl/,n.,账单，法案，钞票,Please pay the bill.
billion,/ˈbɪljən/,n./adj.,十亿,The population is over one billion.
bind,/baɪnd/,vt./vi.,捆绑，结合,Bind the books together.
biology,/baɪˈɒlədʒi/,n.,生物学,She studies biology.
bird,/bɜːd/,n.,鸟,The bird flew away.
birth,/bɜːθ/,n.,出生，诞生,His birth was celebrated.
birthday,/ˈbɜːθdeɪ/,n.,生日,Happy birthday!
biscuit,/ˈbɪskɪt/,n.,饼干,She ate a biscuit.
bit,/bɪt/,n./adv.,一点，少许,Wait a bit.
bite,/baɪt/,vt./vi./n.,咬，叮,The dog bit him.
bitter,/ˈbɪtə/,adj./n.,苦的，痛苦的,The medicine is bitter.
black,/blæk/,adj./n.,黑色的，黑色,He wore a black suit.
blackboard/,ˈblækbɔːd/,n.,黑板,The teacher wrote on the blackboard.
blade,/bleɪd/,n.,刀刃，叶片,The blade is sharp.
blame,/bleɪm/,vt./n.,责备，过失,Don't blame me.
blank,/blæŋk/,adj./n.,空白的，空白,Please fill in the blank.
blanket,/ˈblæŋkɪt/,n.,毯子,The blanket is warm.
blast,/blɑːst/,n./vt.,爆炸，冲击波,There was a loud blast.
blaze,/bleɪz/,n./vi./vt.,火焰，闪耀,The fire blazed brightly.
bleak,/bliːk/,adj.,荒凉的，凄凉的,The future looks bleak.
bleed,/bliːd/,vi./vt.,流血，出血,His nose is bleeding.
blend,/blend/,vt./vi./n.,混合，融合,Blend the ingredients.
bless,/bles/,vt./vi./n.,保佑，祝福,God bless you.
blind,/blaɪnd/,adj./vt./n.,盲的，使失明，百叶窗,He is blind in one eye.
block,/blɒk/,n./vt.,块，街区，阻塞,The street is blocked.
blood,/blʌd/,n.,血，血液,He lost a lot of blood.
bloom,/bluːm/,n./vi.,花，开花,The flowers are in bloom.
blossom,/ˈblɒsəm/,n./vi.,花，开花,The cherry blossoms are beautiful.
blouse,/blaʊz/,n.,女衬衫,She wore a silk blouse.
blow,/bləʊ/,vi./vt./n.,吹，吹气,The wind blew hard.
blue,/bluː/,adj./n.,蓝色的，蓝色,The sky is blue.
blur,/blɜː/,vt./vi./n.,使模糊，污迹,The photo is blurry.
board,/bɔːd/,n./vt.,板，董事会，上船,He boarded the train.
boast,/bəʊst/,vi./vt./n.,自夸，夸耀,He boasted about his wealth.
boat,/bəʊt/,n.,小船，艇,They went fishing in a boat.
body,/ˈbɒdi/,n.,身体，主体,Take care of your body.
boil,/bɔɪl/,vi./vt./n.,沸腾，煮沸,Water boils at 100°C.
boiler,/ˈbɔɪlə/,n.,锅炉,The boiler heats the house.
bold,/bəʊld/,adj.,大胆的，粗体的,He made a bold decision.
bolt,/bəʊlt/,n./vt./vi.,螺栓，插销，闩上,Secure the door with a bolt.
bomb,/bɒm/,n./vt.,炸弹，轰炸,The bomb exploded.
bond,/bɒnd/,n./vt.,结合，债券，粘合,The bond between them is strong.
bone,/bəʊn/,n.,骨，骨骼,He broke a bone.
book,/bʊk/,n./vt.,书，预订,Please book a hotel room.
boom,/buːm/,n./vi./vt.,繁荣，激增,The economy is booming.
boost,/buːst/,vt./n.,促进，增加，提升,The new policy boosted sales.
boot,/buːt/,n.,靴子,He wore leather boots.
border,/ˈbɔːdə/,n./vt.,边界，与...接壤,The river forms the border.
bore,/bɔː/,vt./n./vi.,使厌烦，孔,The lecture bored me.
born,/bɔːn/,adj./v.,天生的，出生,He was born in 1990.
borrow,/ˈbɒrəʊ/,vt./vi.,借，借用,May I borrow your pen?
bosom,/ˈbʊzəm/,n.,胸，胸怀,She held the baby to her bosom.
boss,/bɒs/,n.,老板，上司,He is my boss.
both,/bəʊθ/,pron./adj.,两者，双方的,Both of them are doctors.
bother,/ˈbɒðə/,vt./vi./n.,打扰，麻烦,Don't bother him.
bottle,/ˈbɒtl/,n.,瓶子,He drank a bottle of water.
bottom,/ˈbɒtəm/,n./adj.,底部，底部的,The bottle fell to the bottom.
bough,/baʊ/,n.,大树枝,The bird sat on the bough.
bounce,/baʊns/,vi./vt./n.,弹起，反弹,The ball bounced high.
bound,/baʊnd/,adj./n./v./vt.,被束缚的，界限，跳跃,He is bound by duty.
boundary,/ˈbaʊndri/,n.,分界线，边界,The boundary line is clear.
bow,/baʊ/,n./vi./vt.,弓，鞠躬,He bowed to the queen.
bowl,/bəʊl/,n.,碗,He ate a bowl of rice.
bowling,/ˈbəʊlɪŋ/,n.,保龄球,They went bowling.
box,/bɒks/,n./vt.,箱子，拳击,He packed his clothes in a box.
boy,/bɔɪ/,n.,男孩,The boy is playing.
brain,/breɪn/,n.,脑，脑髓,The human brain is complex.
brake,/breɪk/,n./vt./vi.,制动器，刹车,He applied the brake.
branch,/brɑːntʃ/,n.,树枝，分支,The bird sat on the branch.
brand,/brænd/,n./vt.,商标，打烙印,This is a famous brand.
brandy,/ˈbrændi/,n.,白兰地,He drank brandy.
brass,/brɑːs/,n.,黄铜,The trumpet is made of brass.
brave,/breɪv/,adj.,勇敢的,He is a brave soldier.
bravery,/ˈbreɪvəri/,n.,勇敢，大胆,His bravery was rewarded.
bread,/bred/,n.,面包,We had bread for breakfast.
breadth,/bredθ/,n.,宽度，幅员,The breadth of the river is 100 meters.
break,/breɪk/,vt./vi./n.,打破，休息,Don't break the glass.
breakdown/,ˈbreɪkdaʊn/,n.,崩溃，故障,The car had a breakdown.
breakfast,/ˈbrekfəst/,n.,早餐,He had eggs for breakfast.
breast,/brest/,n.,乳房，胸膛,She breastfed the baby.
breath,/breθ/,n.,气息，呼吸,Take a deep breath.
breathe,/briːð/,vi./vt.,呼吸,Breathe deeply.
breed,/briːd/,n./vt./vi.,品种，繁殖，饲养,This dog breed is popular.
breeze,/briːz/,n.,微风,A cool breeze blew.
brew,/bruː/,vt./vi./n.,酿造，冲泡,He brewed coffee.
brick,/brɪk/,n.,砖，砖块,The house is made of brick.
bride,/braɪd/,n.,新娘,The bride wore white.
bridegroom/,ˈbraɪdɡruːm/,n.,新郎,The bridegroom waited at the altar.
bridge,/brɪdʒ/,n./vt.,桥，桥梁,They crossed the bridge.
brief,/briːf/,adj./n./vt.,简短的，摘要,Give me a brief report.
bright,/braɪt/,adj./adv.,明亮的，聪明地,The future looks bright.
brilliant/,ˈbrɪliənt/,adj.,光辉的，杰出的,She is brilliant at math.
brim,/brɪm/,n./vt.,边缘，注满,The cup was filled to the brim.
bring,/brɪŋ/,vt.,带来,Bring me a glass of water.
brisk,/brɪsk/,adj.,轻快的，兴隆的,He took a brisk walk.
brittle,/ˈbrɪtl/,adj.,脆的，易碎的,The glass is brittle.
broad,/brɔːd/,adj.,宽的，广阔的,The river is broad.
broadcast/,ˈbrɔːdkɑːst/,n./vt./vi.,广播，播音,The news was broadcast.
brochure/,ˈbrəʊʃə/,n.,小册子,Please read the brochure.
broken,/ˈbrəʊkən/,adj.,破碎的，骨折的,The vase is broken.
bronze,/brɒnz/,n./adj.,青铜，青铜色的,The statue is made of bronze.
brook,/brʊk/,n./vt.,小溪，容忍,The brook flows gently.
broom,/bruːm/,n.,扫帚,She swept the floor with a broom.
brother,/ˈbrʌðə/,n.,兄弟,He is my brother.
brow,/braʊ/,n.,额，眉毛,He wrinkled his brow.
brown,/braʊn/,adj./n.,褐色的，褐色,He has brown hair.
bruise,/bruːz/,n./vt./vi.,淤伤，打伤,He has a bruise on his arm.
brush,/brʌʃ/,n./vt.,刷子，刷,Brush your teeth.
brutal,/ˈbruːtl/,adj.,残忍的，野蛮的,The murder was brutal.
bubble,/ˈbʌbl/,n./vi.,泡，气泡，冒泡,The soap bubble burst.
bucket,/ˈbʌkɪt/,n.,水桶,He filled the bucket with water.
bud,/bʌd/,n./vi.,芽，萌芽,The flowers are in bud.
budget,/ˈbʌdʒɪt/,n./vt./vi.,预算,The budget is limited.
buffet,/ˈbʌfeɪ/,n./vt.,自助餐，打击,They had a buffet lunch.
bug,/bʌɡ/,n./vt.,虫子，窃听器，烦扰,There is a bug in the software.
build,/bɪld/,vt./vi./n.,建筑，建造,They built a new house.
building,/ˈbɪldɪŋ/,n.,建筑物，建筑,The building is tall.
bulb,/bʌlb/,n.,灯泡，球状物,The light bulb burned out.
bulk,/bʌlk/,n./adj.,大部分，巨大的,The bulk of the work is done.
bull,/bʊl/,n.,公牛,The bull is strong.
bullet,/ˈbʊlɪt/,n.,子弹,The bullet hit the target.
bulletin/,ˈbʊlətɪn/,n.,公告，公报,Read the bulletin board.
bully,/ˈbʊli/,n./vt.,欺凌者，欺负,Don't bully others.
bunch,/bʌntʃ/,n./vt.,束，串，捆,She bought a bunch of flowers.
bundle,/ˈbʌndl/,n./vt.,捆，包，扎,He carried a bundle of clothes.
burden,/ˈbɜːdn/,n./vt.,负担，装载,The burden is too heavy.
bureau,/ˈbjʊərəʊ/,n.,局，办事处,The bureau of statistics.
bureaucracy/,bjʊəˈrɒkrəsi/,n.,官僚主义，官僚机构,The bureaucracy is inefficient.
burglar,/ˈbɜːɡlə/,n.,窃贼,The burglar stole the jewelry.
burial,/ˈberiəl/,n.,埋葬，葬礼,They attended the burial.
burn,/bɜːn/,vt./vi./n.,燃烧，烧,Don't burn the toast.
burst,/bɜːst/,vi./vt./n.,爆炸，破裂,The balloon burst.
bury,/ˈberi/,vt./vi.,埋葬，掩埋,They buried the treasure.
bus,/bʌs/,n.,公共汽车,He took the bus to work.
bush,/bʊʃ/,n.,灌木,The bird hid in the bush.
business,/ˈbɪznəs/,n.,商业，生意,He is in business.
busy,/ˈbɪzi/,adj.,忙碌的,He is busy today.
but,/bʌt/,conj./prep./adv.,但是，除...外,It's small but expensive.
butcher,/ˈbʊtʃə/,n./vt.,屠夫，屠宰,The butcher sells meat.
butter,/ˈbʌtə/,n./vt.,黄油，涂黄油,He spread butter on bread.
butterfly/,ˈbʌtəflaɪ/,n.,蝴蝶,The butterfly is beautiful.
button,/ˈbʌtn/,n./vt.,扣子，扣上,Button your shirt.
buy,/baɪ/,vt./vi.,买,I want to buy a car.
by,/baɪ/,prep./adv.,在...旁，被，通过,He went by train.
bypass/,ˈbaɪpɑːs/,n./vt.,旁道，绕过,Take the bypass to avoid traffic.